name,aisle,x,y,z,length,width,height,pickSequence,putawaySequence,countSequence,capacity,fillPercentage,locationGroup,enabled
11101A001,111,,,,32,20,20,510065700,510065700,510065700,12800,100,EACH_PICK_1,true
11101A002,111,,,,32,20,20,510066200,510066200,510066200,12800,100,EACH_PICK_1,true
11101A003,111,,,,32,20,20,510066700,510066700,510066700,12800,100,EACH_PICK_1,true
11101B001,111,,,,32,20,20,510065800,510065800,510065800,12800,100,EACH_PICK_1,true
11101B002,111,,,,32,20,20,510066300,510066300,510066300,12800,100,EACH_PICK_1,true
11101B003,111,,,,32,20,20,510066800,510066800,510066800,12800,100,EACH_PICK_1,true
11101C001,111,,,,32,20,20,510065900,510065900,510065900,12800,100,EACH_PICK_1,true
11101C002,111,,,,32,20,20,510066400,510066400,510066400,12800,100,EACH_PICK_1,true
11101C003,111,,,,32,20,20,510066900,510066900,510066900,12800,100,EACH_PICK_1,true
11103A001,111,,,,32,20,20,510067600,510067600,510067600,12800,100,EACH_PICK_1,true
11103A002,111,,,,32,20,20,510068100,510068100,510068100,12800,100,EACH_PICK_1,true
11103A003,111,,,,32,20,20,510068600,510068600,510068600,12800,100,EACH_PICK_1,true
11103B001,111,,,,32,20,20,510067700,510067700,510067700,12800,100,EACH_PICK_1,true
11103B002,111,,,,32,20,20,510068200,510068200,510068200,12800,100,EACH_PICK_1,true
11103B003,111,,,,32,20,20,510068700,510068700,510068700,12800,100,EACH_PICK_1,true
11103C001,111,,,,32,20,20,510067800,510067800,510067800,12800,100,EACH_PICK_1,true
11103C002,111,,,,32,20,20,510068300,510068300,510068300,12800,100,EACH_PICK_1,true
11103C003,111,,,,32,20,20,510068800,510068800,510068800,12800,100,EACH_PICK_1,true
11105A001,111,,,,32,20,20,510069500,510069500,510069500,12800,100,EACH_PICK_1,true
11105A002,111,,,,32,20,20,510070000,510070000,510070000,12800,100,EACH_PICK_1,true
11105A003,111,,,,32,20,20,510070500,510070500,510070500,12800,100,EACH_PICK_1,true
11105B001,111,,,,32,20,20,510069600,510069600,510069600,12800,100,EACH_PICK_1,true
11105B002,111,,,,32,20,20,510070100,510070100,510070100,12800,100,EACH_PICK_1,true
11105B003,111,,,,32,20,20,510070600,510070600,510070600,12800,100,EACH_PICK_1,true
11105C001,111,,,,32,20,20,510069700,510069700,510069700,12800,100,EACH_PICK_1,true
11105C002,111,,,,32,20,20,510070200,510070200,510070200,12800,100,EACH_PICK_1,true
11105C003,111,,,,32,20,20,510070700,510070700,510070700,12800,100,EACH_PICK_1,true
11107A001,111,,,,32,20,20,510071400,510071400,510071400,12800,100,EACH_PICK_1,true
11107A002,111,,,,32,20,20,510071900,510071900,510071900,12800,100,EACH_PICK_1,true
11107A003,111,,,,32,20,20,510072400,510072400,510072400,12800,100,EACH_PICK_1,true
11107B001,111,,,,32,20,20,510071500,510071500,510071500,12800,100,EACH_PICK_1,true
11107B002,111,,,,32,20,20,510072000,510072000,510072000,12800,100,EACH_PICK_1,true
11107B003,111,,,,32,20,20,510072500,510072500,510072500,12800,100,EACH_PICK_1,true
11107C001,111,,,,32,20,20,510071600,510071600,510071600,12800,100,EACH_PICK_1,true
11107C002,111,,,,32,20,20,510072100,510072100,510072100,12800,100,EACH_PICK_1,true
11107C003,111,,,,32,20,20,510072600,510072600,510072600,12800,100,EACH_PICK_1,true
11109A001,111,,,,32,20,20,510073300,510073300,510073300,12800,100,EACH_PICK_1,true
11109A002,111,,,,32,20,20,510073800,510073800,510073800,12800,100,EACH_PICK_1,true
11109A003,111,,,,32,20,20,510074300,510074300,510074300,12800,100,EACH_PICK_1,true
11109B001,111,,,,32,20,20,510073400,510073400,510073400,12800,100,EACH_PICK_1,true
11109B002,111,,,,32,20,20,510073900,510073900,510073900,12800,100,EACH_PICK_1,true
11109C001,111,,,,32,20,20,510073500,510073500,510073500,12800,100,EACH_PICK_1,true
11109C002,111,,,,32,20,20,510074000,510074000,510074000,12800,100,EACH_PICK_1,true
11109C003,111,,,,32,20,20,510074500,510074500,510074500,12800,100,EACH_PICK_1,true
11111A001,111,,,,32,20,20,510075200,510075200,510075200,12800,100,EACH_PICK_1,true
11111A002,111,,,,32,20,20,510075700,510075700,510075700,12800,100,EACH_PICK_1,true
11111A003,111,,,,32,20,20,510076200,510076200,510076200,12800,100,EACH_PICK_1,true
11111B001,111,,,,32,20,20,510075300,510075300,510075300,12800,100,EACH_PICK_1,true
11111B002,111,,,,32,20,20,510075800,510075800,510075800,12800,100,EACH_PICK_1,true
11111B003,111,,,,32,20,20,510076300,510076300,510076300,12800,100,EACH_PICK_1,true
11111C001,111,,,,32,20,20,510075400,510075400,510075400,12800,100,EACH_PICK_1,true
11111C002,111,,,,32,20,20,510075900,510075900,510075900,12800,100,EACH_PICK_1,true
11111C003,111,,,,32,20,20,510076400,510076400,510076400,12800,100,EACH_PICK_1,true
11113A001,111,,,,32,20,20,510077100,510077100,510077100,12800,100,EACH_PICK_1,true
11113A002,111,,,,32,20,20,510077600,510077600,510077600,12800,100,EACH_PICK_1,true
11113A003,111,,,,32,20,20,510078100,510078100,510078100,12800,100,EACH_PICK_1,true
11113B001,111,,,,32,20,20,510077200,510077200,510077200,12800,100,EACH_PICK_1,true
11113B002,111,,,,32,20,20,510077700,510077700,510077700,12800,100,EACH_PICK_1,true
11113B003,111,,,,32,20,20,510078200,510078200,510078200,12800,100,EACH_PICK_1,true
11113C001,111,,,,32,20,20,510077300,510077300,510077300,12800,100,EACH_PICK_1,true
11113C002,111,,,,32,20,20,510077800,510077800,510077800,12800,100,EACH_PICK_1,true
11113C003,111,,,,32,20,20,510078300,510078300,510078300,12800,100,EACH_PICK_1,true
11301A001,113,,,,22,20,20,510079000,510079000,510079000,8800,100,EACH_PICK_1,true
11301A002,113,,,,22,20,20,510079800,510079800,510079800,8800,100,EACH_PICK_1,true
11301A003,113,,,,22,20,20,510080600,510080600,510080600,8800,100,EACH_PICK_1,true
11301A004,113,,,,22,20,20,510081400,510081400,510081400,8800,100,EACH_PICK_1,true
11301B001,113,,,,22,20,20,510079100,510079100,510079100,8800,100,EACH_PICK_1,true
11301B002,113,,,,22,20,20,510079900,510079900,510079900,8800,100,EACH_PICK_1,true
11301B003,113,,,,22,20,20,510080700,510080700,510080700,8800,100,EACH_PICK_1,true
11301B004,113,,,,22,20,20,510081500,510081500,510081500,8800,100,EACH_PICK_1,true
11301C001,113,,,,22,20,20,510079200,510079200,510079200,8800,100,EACH_PICK_1,true
11301C002,113,,,,22,20,20,510080000,510080000,510080000,8800,100,EACH_PICK_1,true
11301C003,113,,,,22,20,20,510080800,510080800,510080800,8800,100,EACH_PICK_1,true
11301C004,113,,,,22,20,20,510081600,510081600,510081600,8800,100,EACH_PICK_1,true
11302A001,113,,,,22,20,20,510079400,510079400,510079400,8800,100,EACH_PICK_1,true
11302A002,113,,,,22,20,20,510080200,510080200,510080200,8800,100,EACH_PICK_1,true
11302A003,113,,,,22,20,20,510081000,510081000,510081000,8800,100,EACH_PICK_1,true
11302A004,113,,,,22,20,20,510081800,510081800,510081800,8800,100,EACH_PICK_1,true
11302B001,113,,,,22,20,20,510079500,510079500,510079500,8800,100,EACH_PICK_1,true
11302B002,113,,,,22,20,20,510080300,510080300,510080300,8800,100,EACH_PICK_1,true
11302B003,113,,,,22,20,20,510081100,510081100,510081100,8800,100,EACH_PICK_1,true
11302B004,113,,,,22,20,20,510081900,510081900,510081900,8800,100,EACH_PICK_1,true
11302C001,113,,,,22,20,20,510079600,510079600,510079600,8800,100,EACH_PICK_1,true
11302C002,113,,,,22,20,20,510080400,510080400,510080400,8800,100,EACH_PICK_1,true
11302C003,113,,,,22,20,20,510081200,510081200,510081200,8800,100,EACH_PICK_1,true
11302C004,113,,,,22,20,20,510082000,510082000,510082000,8800,100,EACH_PICK_1,true
11303A001,113,,,,22,20,20,510082400,510082400,510082400,8800,100,EACH_PICK_1,true
11303A002,113,,,,22,20,20,510083200,510083200,510083200,8800,100,EACH_PICK_1,true
11303A003,113,,,,22,20,20,510084000,510084000,510084000,8800,100,EACH_PICK_1,true
11303A004,113,,,,22,20,20,510084800,510084800,510084800,8800,100,EACH_PICK_1,true
11303B001,113,,,,22,20,20,510082500,510082500,510082500,8800,100,EACH_PICK_1,true
11303B002,113,,,,22,20,20,510083300,510083300,510083300,8800,100,EACH_PICK_1,true
11303B003,113,,,,22,20,20,510084100,510084100,510084100,8800,100,EACH_PICK_1,true
11303B004,113,,,,22,20,20,510084900,510084900,510084900,8800,100,EACH_PICK_1,true
11303C001,113,,,,22,20,20,510082600,510082600,510082600,8800,100,EACH_PICK_1,true
11303C002,113,,,,22,20,20,510083400,510083400,510083400,8800,100,EACH_PICK_1,true
11303C003,113,,,,22,20,20,510084200,510084200,510084200,8800,100,EACH_PICK_1,true
11303C004,113,,,,22,20,20,510085000,510085000,510085000,8800,100,EACH_PICK_1,true
11304A001,113,,,,22,20,20,510082800,510082800,510082800,8800,100,EACH_PICK_1,true
11304A002,113,,,,22,20,20,510083600,510083600,510083600,8800,100,EACH_PICK_1,true
11304A003,113,,,,22,20,20,510084400,510084400,510084400,8800,100,EACH_PICK_1,true
11304A004,113,,,,22,20,20,510085200,510085200,510085200,8800,100,EACH_PICK_1,true
11304B001,113,,,,22,20,20,510082900,510082900,510082900,8800,100,EACH_PICK_1,true
11304B002,113,,,,22,20,20,510083700,510083700,510083700,8800,100,EACH_PICK_1,true
11304B003,113,,,,22,20,20,510084500,510084500,510084500,8800,100,EACH_PICK_1,true
11304B004,113,,,,22,20,20,510085300,510085300,510085300,8800,100,EACH_PICK_1,true
11304C001,113,,,,22,20,20,510083000,510083000,510083000,8800,100,EACH_PICK_1,true
11304C002,113,,,,22,20,20,510083800,510083800,510083800,8800,100,EACH_PICK_1,true
11304C003,113,,,,22,20,20,510084600,510084600,510084600,8800,100,EACH_PICK_1,true
11304C004,113,,,,22,20,20,510085400,510085400,510085400,8800,100,EACH_PICK_1,true
11305A001,113,,,,22,20,20,510085800,510085800,510085800,8800,100,EACH_PICK_1,true
11305A002,113,,,,22,20,20,510086600,510086600,510086600,8800,100,EACH_PICK_1,true
12301A001,123,,,,22,20,20,510174900,510174900,510174900,8800,100,EACH_PICK_2,true
12301A002,123,,,,22,20,20,510175700,510175700,510175700,8800,100,EACH_PICK_2,true
12301A003,123,,,,22,20,20,510176500,510176500,510176500,8800,100,EACH_PICK_2,true
12301A004,123,,,,22,20,20,510177300,510177300,510177300,8800,100,EACH_PICK_2,true
12301B001,123,,,,22,20,20,510175000,510175000,510175000,8800,100,EACH_PICK_2,true
12301B002,123,,,,22,20,20,510175800,510175800,510175800,8800,100,EACH_PICK_2,true
12301B003,123,,,,22,20,20,510176600,510176600,510176600,8800,100,EACH_PICK_2,true
12301B004,123,,,,22,20,20,510177400,510177400,510177400,8800,100,EACH_PICK_2,true
12301C001,123,,,,22,20,20,510175100,510175100,510175100,8800,100,EACH_PICK_2,true
12301C002,123,,,,22,20,20,510175900,510175900,510175900,8800,100,EACH_PICK_2,true
12301C003,123,,,,22,20,20,510176700,510176700,510176700,8800,100,EACH_PICK_2,true
12301C004,123,,,,22,20,20,510177500,510177500,510177500,8800,100,EACH_PICK_2,true
12302A001,123,,,,22,20,20,510175300,510175300,510175300,8800,100,EACH_PICK_2,true
12302A002,123,,,,22,20,20,510176100,510176100,510176100,8800,100,EACH_PICK_2,true
12302A003,123,,,,22,20,20,510176900,510176900,510176900,8800,100,EACH_PICK_2,true
12302A004,123,,,,22,20,20,510177700,510177700,510177700,8800,100,EACH_PICK_2,true
12302B001,123,,,,22,20,20,510175400,510175400,510175400,8800,100,EACH_PICK_2,true
12302B002,123,,,,22,20,20,510176200,510176200,510176200,8800,100,EACH_PICK_2,true
12302B003,123,,,,22,20,20,510177000,510177000,510177000,8800,100,EACH_PICK_2,true
12302B004,123,,,,22,20,20,510177800,510177800,510177800,8800,100,EACH_PICK_2,true
12302C001,123,,,,22,20,20,510175500,510175500,510175500,8800,100,EACH_PICK_2,true
12302C002,123,,,,22,20,20,510176300,510176300,510176300,8800,100,EACH_PICK_2,true
12302C003,123,,,,22,20,20,510177100,510177100,510177100,8800,100,EACH_PICK_2,true
12302C004,123,,,,22,20,20,510177900,510177900,510177900,8800,100,EACH_PICK_2,true
12303A001,123,,,,22,20,20,510178300,510178300,510178300,8800,100,EACH_PICK_2,true
12303A002,123,,,,22,20,20,510179100,510179100,510179100,8800,100,EACH_PICK_2,true
12303A003,123,,,,22,20,20,510179900,510179900,510179900,8800,100,EACH_PICK_2,true
12303A004,123,,,,22,20,20,510180700,510180700,510180700,8800,100,EACH_PICK_2,true
12303B001,123,,,,22,20,20,510178400,510178400,510178400,8800,100,EACH_PICK_2,true
12303B002,123,,,,22,20,20,510179200,510179200,510179200,8800,100,EACH_PICK_2,true
12303B003,123,,,,22,20,20,510180000,510180000,510180000,8800,100,EACH_PICK_2,true
12303B004,123,,,,22,20,20,510180800,510180800,510180800,8800,100,EACH_PICK_2,true
12303C001,123,,,,22,20,20,510178500,510178500,510178500,8800,100,EACH_PICK_2,true
12303C002,123,,,,22,20,20,510179300,510179300,510179300,8800,100,EACH_PICK_2,true
12303C003,123,,,,22,20,20,510180100,510180100,510180100,8800,100,EACH_PICK_2,true
12303C004,123,,,,22,20,20,510180900,510180900,510180900,8800,100,EACH_PICK_2,true
12304A001,123,,,,22,20,20,510178700,510178700,510178700,8800,100,EACH_PICK_2,true
12304A002,123,,,,22,20,20,510179500,510179500,510179500,8800,100,EACH_PICK_2,true
12304A003,123,,,,22,20,20,510180300,510180300,510180300,8800,100,EACH_PICK_2,true
12304A004,123,,,,22,20,20,510181100,510181100,510181100,8800,100,EACH_PICK_2,true
12304B001,123,,,,22,20,20,510178800,510178800,510178800,8800,100,EACH_PICK_2,true
12304B002,123,,,,22,20,20,510179600,510179600,510179600,8800,100,EACH_PICK_2,true
12304B003,123,,,,22,20,20,510180400,510180400,510180400,8800,100,EACH_PICK_2,true
12304B004,123,,,,22,20,20,510181200,510181200,510181200,8800,100,EACH_PICK_2,true
12304C001,123,,,,22,20,20,510178900,510178900,510178900,8800,100,EACH_PICK_2,true
12304C002,123,,,,22,20,20,510179700,510179700,510179700,8800,100,EACH_PICK_2,true
12304C003,123,,,,22,20,20,510180500,510180500,510180500,8800,100,EACH_PICK_2,true
12304C004,123,,,,22,20,20,510181300,510181300,510181300,8800,100,EACH_PICK_2,true
12305A001,123,,,,22,20,20,510181700,510181700,510181700,8800,100,EACH_PICK_2,true
12305A002,123,,,,22,20,20,510182500,510182500,510182500,8800,100,EACH_PICK_2,true
12305A003,123,,,,22,20,20,510183300,510183300,510183300,8800,100,EACH_PICK_2,true
12305A004,123,,,,22,20,20,510184100,510184100,510184100,8800,100,EACH_PICK_2,true
12305B001,123,,,,22,20,20,510181800,510181800,510181800,8800,100,EACH_PICK_2,true
12305B002,123,,,,22,20,20,510182600,510182600,510182600,8800,100,EACH_PICK_2,true
12305B003,123,,,,22,20,20,510183400,510183400,510183400,8800,100,EACH_PICK_2,true
12305B004,123,,,,22,20,20,510184200,510184200,510184200,8800,100,EACH_PICK_2,true
12305C001,123,,,,22,20,20,510181900,510181900,510181900,8800,100,EACH_PICK_2,true
12305C002,123,,,,22,20,20,510182700,510182700,510182700,8800,100,EACH_PICK_2,true
12305C003,123,,,,22,20,20,510183500,510183500,510183500,8800,100,EACH_PICK_2,true
12305C004,123,,,,22,20,20,510184300,510184300,510184300,8800,100,EACH_PICK_2,true
12306A001,123,,,,22,20,20,510182100,510182100,510182100,8800,100,EACH_PICK_2,true
12306A002,123,,,,22,20,20,510182900,510182900,510182900,8800,100,EACH_PICK_2,true
12306A003,123,,,,22,20,20,510183700,510183700,510183700,8800,100,EACH_PICK_2,true
12306A004,123,,,,22,20,20,510184500,510184500,510184500,8800,100,EACH_PICK_2,true
12306B001,123,,,,22,20,20,510182200,510182200,510182200,8800,100,EACH_PICK_2,true
12306B002,123,,,,22,20,20,510183000,510183000,510183000,8800,100,EACH_PICK_2,true
12306B003,123,,,,22,20,20,510183800,510183800,510183800,8800,100,EACH_PICK_2,true
12306B004,123,,,,22,20,20,510184600,510184600,510184600,8800,100,EACH_PICK_2,true
12306C001,123,,,,22,20,20,510182300,510182300,510182300,8800,100,EACH_PICK_2,true
12306C002,123,,,,22,20,20,510183100,510183100,510183100,8800,100,EACH_PICK_2,true
12306C003,123,,,,22,20,20,510183900,510183900,510183900,8800,100,EACH_PICK_2,true
12306C004,123,,,,22,20,20,510184700,510184700,510184700,8800,100,EACH_PICK_2,true
12307A001,123,,,,22,20,20,510185100,510185100,510185100,8800,100,EACH_PICK_2,true
12307A002,123,,,,22,20,20,510185900,510185900,510185900,8800,100,EACH_PICK_2,true
12307A003,123,,,,22,20,20,510186700,510186700,510186700,8800,100,EACH_PICK_2,true
12307A004,123,,,,22,20,20,510187500,510187500,510187500,8800,100,EACH_PICK_2,true
12307B001,123,,,,22,20,20,510185200,510185200,510185200,8800,100,EACH_PICK_2,true
12307B002,123,,,,22,20,20,510186000,510186000,510186000,8800,100,EACH_PICK_2,true
12307B003,123,,,,22,20,20,510186800,510186800,510186800,8800,100,EACH_PICK_2,true
12307B004,123,,,,22,20,20,510187600,510187600,510187600,8800,100,EACH_PICK_2,true
12307C001,123,,,,22,20,20,510185300,510185300,510185300,8800,100,EACH_PICK_2,true
12307C002,123,,,,22,20,20,510186100,510186100,510186100,8800,100,EACH_PICK_2,true
12307C003,123,,,,22,20,20,510186900,510186900,510186900,8800,100,EACH_PICK_2,true
12307C004,123,,,,22,20,20,510187700,510187700,510187700,8800,100,EACH_PICK_2,true
12308A001,123,,,,22,20,20,510185500,510185500,510185500,8800,100,EACH_PICK_2,true
12308A002,123,,,,22,20,20,510186300,510186300,510186300,8800,100,EACH_PICK_2,true
12308A003,123,,,,22,20,20,510187100,510187100,510187100,8800,100,EACH_PICK_2,true
12308A004,123,,,,22,20,20,510187900,510187900,510187900,8800,100,EACH_PICK_2,true
12308B001,123,,,,22,20,20,510185600,510185600,510185600,8800,100,EACH_PICK_2,true
12308B002,123,,,,22,20,20,510186400,510186400,510186400,8800,100,EACH_PICK_2,true
12308B003,123,,,,22,20,20,510187200,510187200,510187200,8800,100,EACH_PICK_2,true
12308B004,123,,,,22,20,20,510188000,510188000,510188000,8800,100,EACH_PICK_2,true
12308C001,123,,,,22,20,20,510185700,510185700,510185700,8800,100,EACH_PICK_2,true
12308C002,123,,,,22,20,20,510186500,510186500,510186500,8800,100,EACH_PICK_2,true
12308C003,123,,,,22,20,20,510187300,510187300,510187300,8800,100,EACH_PICK_2,true
12308C004,123,,,,22,20,20,510188100,510188100,510188100,8800,100,EACH_PICK_2,true
12309A001,123,,,,22,20,20,510188500,510188500,510188500,8800,100,EACH_PICK_2,true
41601A1,416,,,,36,42,35,100000010,100000010,100000010,52920,100,CASE_PICK_1,true
41601A2,416,,,,36,42,35,100000020,100000020,100000020,52920,100,CASE_PICK_1,true
41601A3,416,,,,36,42,35,100000030,100000030,100000030,52920,100,CASE_PICK_1,true
41601A4,416,,,,36,42,35,100000040,100000040,100000040,52920,100,CASE_PICK_1,true
41601B1,416,,,,36,42,35,100000050,100000050,100000050,52920,100,CASE_PICK_1,true
41601B2,416,,,,36,42,35,100000060,100000060,100000060,52920,100,CASE_PICK_1,true
41601B3,416,,,,36,42,35,100000070,100000070,100000070,52920,100,CASE_PICK_1,true
41601B4,416,,,,36,42,35,100000080,100000080,100000080,52920,100,CASE_PICK_1,true
41601C1,416,,,,36,42,35,100000090,100000090,100000090,52920,100,CASE_PICK_1,true
41601C2,416,,,,36,42,35,100000100,100000100,100000100,52920,100,CASE_PICK_1,true
41601C3,416,,,,36,42,35,100000110,100000110,100000110,52920,100,CASE_PICK_1,true
41601C4,416,,,,36,42,35,100000120,100000120,100000120,52920,100,CASE_PICK_1,true
41601D1,416,,,,36,42,35,100000130,100000130,100000130,52920,100,CASE_PICK_1,true
41601D2,416,,,,36,42,35,100000140,100000140,100000140,52920,100,CASE_PICK_1,true
41601D3,416,,,,36,42,35,100000150,100000150,100000150,52920,100,CASE_PICK_1,true
41601D4,416,,,,36,42,35,100000160,100000160,100000160,52920,100,CASE_PICK_1,true
41601F1,416,,,,36,42,32,100000210,100000210,100000210,48384,100,CASE_PICK_1,true
41601F2,416,,,,36,42,32,100000220,100000220,100000220,48384,100,CASE_PICK_1,true
41601F3,416,,,,36,42,32,100000230,100000230,100000230,48384,100,CASE_PICK_1,true
41601F4,416,,,,36,42,32,100000240,100000240,100000240,48384,100,CASE_PICK_1,true
41602A1,416,,,,36,42,35,100000660,100000660,100000660,52920,100,CASE_PICK_1,true
41602A2,416,,,,36,42,35,100000670,100000670,100000670,52920,100,CASE_PICK_1,true
41602A3,416,,,,36,42,35,100000680,100000680,100000680,52920,100,CASE_PICK_1,true
41602A4,416,,,,36,42,35,100000690,100000690,100000690,52920,100,CASE_PICK_1,true
41602B1,416,,,,36,42,35,100000700,100000700,100000700,52920,100,CASE_PICK_1,true
41602B2,416,,,,36,42,35,100000710,100000710,100000710,52920,100,CASE_PICK_1,true
41602B3,416,,,,36,42,35,100000720,100000720,100000720,52920,100,CASE_PICK_1,true
41602B4,416,,,,36,42,35,100000730,100000730,100000730,52920,100,CASE_PICK_1,true
41602C1,416,,,,36,42,35,100000740,100000740,100000740,52920,100,CASE_PICK_1,true
41602C2,416,,,,36,42,35,100000750,100000750,100000750,52920,100,CASE_PICK_1,true
41602C3,416,,,,36,42,35,100000760,100000760,100000760,52920,100,CASE_PICK_1,true
41602C4,416,,,,36,42,35,100000770,100000770,100000770,52920,100,CASE_PICK_1,true
41602D1,416,,,,36,42,35,100000780,100000780,100000780,52920,100,CASE_PICK_1,true
41602D2,416,,,,36,42,35,100000790,100000790,100000790,52920,100,CASE_PICK_1,true
41602D3,416,,,,36,42,35,100000800,100000800,100000800,52920,100,CASE_PICK_1,true
41602D4,416,,,,36,42,35,100000810,100000810,100000810,52920,100,CASE_PICK_1,true
41602F1,416,,,,36,42,32,100000860,100000860,100000860,48384,100,CASE_PICK_1,true
41602F2,416,,,,36,42,32,100000870,100000870,100000870,48384,100,CASE_PICK_1,true
41602F3,416,,,,36,42,32,100000880,100000880,100000880,48384,100,CASE_PICK_1,true
41602F4,416,,,,36,42,32,100000890,100000890,100000890,48384,100,CASE_PICK_1,true
41603A1,416,,,,36,42,35,100001310,100001310,100001310,52920,100,CASE_PICK_1,true
41603A2,416,,,,36,42,35,100001320,100001320,100001320,52920,100,CASE_PICK_1,true
41603A3,416,,,,36,42,35,100001330,100001330,100001330,52920,100,CASE_PICK_1,true
41603A4,416,,,,36,42,35,100001340,100001340,100001340,52920,100,CASE_PICK_1,true
41603B1,416,,,,36,42,35,100001350,100001350,100001350,52920,100,CASE_PICK_1,true
41603B2,416,,,,36,42,35,100001360,100001360,100001360,52920,100,CASE_PICK_1,true
41603B3,416,,,,36,42,35,100001370,100001370,100001370,52920,100,CASE_PICK_1,true
41603B4,416,,,,36,42,35,100001380,100001380,100001380,52920,100,CASE_PICK_1,true
41603C1,416,,,,36,42,35,100001390,100001390,100001390,52920,100,CASE_PICK_1,true
41603C2,416,,,,36,42,35,100001400,100001400,100001400,52920,100,CASE_PICK_1,true
41603C3,416,,,,36,42,35,100001410,100001410,100001410,52920,100,CASE_PICK_1,true
41603C4,416,,,,36,42,35,100001420,100001420,100001420,52920,100,CASE_PICK_1,true
41603D1,416,,,,36,42,35,100001430,100001430,100001430,52920,100,CASE_PICK_1,true
41603D2,416,,,,36,42,35,100001440,100001440,100001440,52920,100,CASE_PICK_1,true
41603D3,416,,,,36,42,35,100001450,100001450,100001450,52920,100,CASE_PICK_1,true
41603D4,416,,,,36,42,35,100001460,100001460,100001460,52920,100,CASE_PICK_1,true
41603F1,416,,,,36,42,32,100001510,100001510,100001510,48384,100,CASE_PICK_1,true
41603F2,416,,,,36,42,32,100001520,100001520,100001520,48384,100,CASE_PICK_1,true
41603F3,416,,,,36,42,32,100001530,100001530,100001530,48384,100,CASE_PICK_1,true
41603F4,416,,,,36,42,32,100001540,100001540,100001540,48384,100,CASE_PICK_1,true
41604A1,416,,,,36,42,35,100001960,100001960,100001960,52920,100,CASE_PICK_1,true
41604A2,416,,,,36,42,35,100001970,100001970,100001970,52920,100,CASE_PICK_1,true
41604A3,416,,,,36,42,35,100001980,100001980,100001980,52920,100,CASE_PICK_1,true
41604A4,416,,,,36,42,35,100001990,100001990,100001990,52920,100,CASE_PICK_1,true
41604B1,416,,,,36,42,35,100002000,100002000,100002000,52920,100,CASE_PICK_1,true
41604B2,416,,,,36,42,35,100002010,100002010,100002010,52920,100,CASE_PICK_1,true
41604B3,416,,,,36,42,35,100002020,100002020,100002020,52920,100,CASE_PICK_1,true
41604B4,416,,,,36,42,35,100002030,100002030,100002030,52920,100,CASE_PICK_1,true
41604C1,416,,,,36,42,35,100002040,100002040,100002040,52920,100,CASE_PICK_1,true
41604C2,416,,,,36,42,35,100002050,100002050,100002050,52920,100,CASE_PICK_1,true
41604C3,416,,,,36,42,35,100002060,100002060,100002060,52920,100,CASE_PICK_1,true
41604C4,416,,,,36,42,35,100002070,100002070,100002070,52920,100,CASE_PICK_1,true
41604D1,416,,,,36,42,35,100002080,100002080,100002080,52920,100,CASE_PICK_1,true
41604D2,416,,,,36,42,35,100002090,100002090,100002090,52920,100,CASE_PICK_1,true
41604D3,416,,,,36,42,35,100002100,100002100,100002100,52920,100,CASE_PICK_1,true
41604D4,416,,,,36,42,35,100002110,100002110,100002110,52920,100,CASE_PICK_1,true
41604F1,416,,,,36,42,32,100002160,100002160,100002160,48384,100,CASE_PICK_1,true
41604F2,416,,,,36,42,32,100002170,100002170,100002170,48384,100,CASE_PICK_1,true
41604F3,416,,,,36,42,32,100002180,100002180,100002180,48384,100,CASE_PICK_1,true
41604F4,416,,,,36,42,32,100002190,100002190,100002190,48384,100,CASE_PICK_1,true
41605A1,416,,,,36,42,35,100002610,100002610,100002610,52920,100,CASE_PICK_1,true
41605A2,416,,,,36,42,35,100002620,100002620,100002620,52920,100,CASE_PICK_1,true
41605A3,416,,,,36,42,35,100002630,100002630,100002630,52920,100,CASE_PICK_1,true
60101A1,601,,,,12,42,18,150000020,150000020,150000020,9072,100,CASE_PICK_2,true
60101A2,601,,,,12,42,18,150000030,150000030,150000030,9072,100,CASE_PICK_2,true
60101A3,601,,,,12,42,18,150000040,150000040,150000040,9072,100,CASE_PICK_2,true
60101A4,601,,,,12,42,18,150000050,150000050,150000050,9072,100,CASE_PICK_2,true
60101A5,601,,,,12,42,18,150000060,150000060,150000060,9072,100,CASE_PICK_2,true
60101A6,601,,,,12,42,18,150000070,150000070,150000070,9072,100,CASE_PICK_2,true
60101A7,601,,,,12,42,18,150000080,150000080,150000080,9072,100,CASE_PICK_2,true
60101A8,601,,,,12,42,18,150000090,150000090,150000090,9072,100,CASE_PICK_2,true
60101A9,601,,,,12,42,18,150000100,150000100,150000100,9072,100,CASE_PICK_2,true
60101B1,601,,,,12,42,18,150000110,150000110,150000110,9072,100,CASE_PICK_2,true
60101B2,601,,,,12,42,18,150000120,150000120,150000120,9072,100,CASE_PICK_2,true
60101B3,601,,,,12,42,18,150000130,150000130,150000130,9072,100,CASE_PICK_2,true
60101B4,601,,,,12,42,18,150000140,150000140,150000140,9072,100,CASE_PICK_2,true
60101B5,601,,,,12,42,18,150000150,150000150,150000150,9072,100,CASE_PICK_2,true
60101B6,601,,,,12,42,18,150000160,150000160,150000160,9072,100,CASE_PICK_2,true
60101B7,601,,,,12,42,18,150000170,150000170,150000170,9072,100,CASE_PICK_2,true
60101B8,601,,,,12,42,18,150000180,150000180,150000180,9072,100,CASE_PICK_2,true
60101B9,601,,,,12,42,18,150000190,150000190,150000190,9072,100,CASE_PICK_2,true
60101C1,601,,,,20,42,40,150000200,150000200,150000200,33600,100,CASE_PICK_2,true
60101C2,601,,,,20,42,40,150000210,150000210,150000210,33600,100,CASE_PICK_2,true
60101C3,601,,,,20,42,40,150000220,150000220,150000220,33600,100,CASE_PICK_2,true
60101C4,601,,,,20,42,40,150000230,150000230,150000230,33600,100,CASE_PICK_2,true
60101C5,601,,,,20,42,40,150000240,150000240,150000240,33600,100,CASE_PICK_2,true
60101C6,601,,,,20,42,40,150000250,150000250,150000250,33600,100,CASE_PICK_2,true
60101D1,601,,,,20,42,40,150000260,150000260,150000260,33600,100,CASE_PICK_2,true
60101D2,601,,,,20,42,40,150000270,150000270,150000270,33600,100,CASE_PICK_2,true
60101D3,601,,,,20,42,40,150000280,150000280,150000280,33600,100,CASE_PICK_2,true
60101D4,601,,,,20,42,40,150000290,150000290,150000290,33600,100,CASE_PICK_2,true
60101D5,601,,,,20,42,40,150000300,150000300,150000300,33600,100,CASE_PICK_2,true
60101D6,601,,,,20,42,40,150000310,150000310,150000310,33600,100,CASE_PICK_2,true
60101F1,601,,,,20,42,40,150000380,150000380,150000380,33600,100,CASE_PICK_2,true
60101F2,601,,,,20,42,40,150000390,150000390,150000390,33600,100,CASE_PICK_2,true
60101F3,601,,,,20,42,40,150000400,150000400,150000400,33600,100,CASE_PICK_2,true
60101F4,601,,,,20,42,40,150000410,150000410,150000410,33600,100,CASE_PICK_2,true
60101F5,601,,,,20,42,40,150000420,150000420,150000420,33600,100,CASE_PICK_2,true
60101F6,601,,,,20,42,40,150000430,150000430,150000430,33600,100,CASE_PICK_2,true
60101G1,601,,,,20,42,32,150000440,150000440,150000440,26880,100,CASE_PICK_2,true
60101G2,601,,,,20,42,32,150000450,150000450,150000450,26880,100,CASE_PICK_2,true
60101G3,601,,,,20,42,32,150000460,150000460,150000460,26880,100,CASE_PICK_2,true
60101G4,601,,,,20,42,32,150000470,150000470,150000470,26880,100,CASE_PICK_2,true
60101G5,601,,,,20,42,32,150000480,150000480,150000480,26880,100,CASE_PICK_2,true
60101G6,601,,,,20,42,32,150000490,150000490,150000490,26880,100,CASE_PICK_2,true
60102A1,601,,,,12,42,18,150001060,150001060,150001060,9072,100,CASE_PICK_2,true
60102A2,601,,,,12,42,18,150001070,150001070,150001070,9072,100,CASE_PICK_2,true
60102A3,601,,,,12,42,18,150001080,150001080,150001080,9072,100,CASE_PICK_2,true
60102A4,601,,,,12,42,18,150001090,150001090,150001090,9072,100,CASE_PICK_2,true
60102A5,601,,,,12,42,18,150001100,150001100,150001100,9072,100,CASE_PICK_2,true
60102A6,601,,,,12,42,18,150001110,150001110,150001110,9072,100,CASE_PICK_2,true
60102A7,601,,,,12,42,18,150001120,150001120,150001120,9072,100,CASE_PICK_2,true
60102A8,601,,,,12,42,18,150001130,150001130,150001130,9072,100,CASE_PICK_2,true
60102A9,601,,,,12,42,18,150001140,150001140,150001140,9072,100,CASE_PICK_2,true
60102B1,601,,,,12,42,18,150001150,150001150,150001150,9072,100,CASE_PICK_2,true
60102B2,601,,,,12,42,18,150001160,150001160,150001160,9072,100,CASE_PICK_2,true
60102B3,601,,,,12,42,18,150001170,150001170,150001170,9072,100,CASE_PICK_2,true
60102B4,601,,,,12,42,18,150001180,150001180,150001180,9072,100,CASE_PICK_2,true
60102B5,601,,,,12,42,18,150001190,150001190,150001190,9072,100,CASE_PICK_2,true
60102B6,601,,,,12,42,18,150001200,150001200,150001200,9072,100,CASE_PICK_2,true
60102B7,601,,,,12,42,18,150001210,150001210,150001210,9072,100,CASE_PICK_2,true
60102B8,601,,,,12,42,18,150001220,150001220,150001220,9072,100,CASE_PICK_2,true
60102B9,601,,,,12,42,18,150001230,150001230,150001230,9072,100,CASE_PICK_2,true
60102C1,601,,,,20,42,40,150001240,150001240,150001240,33600,100,CASE_PICK_2,true
60102C2,601,,,,20,42,40,150001250,150001250,150001250,33600,100,CASE_PICK_2,true
60102C3,601,,,,20,42,40,150001260,150001260,150001260,33600,100,CASE_PICK_2,true
60102C4,601,,,,20,42,40,150001270,150001270,150001270,33600,100,CASE_PICK_2,true
60102C5,601,,,,20,42,40,150001280,150001280,150001280,33600,100,CASE_PICK_2,true
60102C6,601,,,,20,42,40,150001290,150001290,150001290,33600,100,CASE_PICK_2,true
60102D1,601,,,,20,42,40,150001300,150001300,150001300,33600,100,CASE_PICK_2,true
60102D2,601,,,,20,42,40,150001310,150001310,150001310,33600,100,CASE_PICK_2,true
60102D3,601,,,,20,42,40,150001320,150001320,150001320,33600,100,CASE_PICK_2,true
60102D4,601,,,,20,42,40,150001330,150001330,150001330,33600,100,CASE_PICK_2,true
60102D5,601,,,,20,42,40,150001340,150001340,150001340,33600,100,CASE_PICK_2,true
60102D6,601,,,,20,42,40,150001350,150001350,150001350,33600,100,CASE_PICK_2,true
60102F1,601,,,,20,42,40,150001420,150001420,150001420,33600,100,CASE_PICK_2,true
60102F2,601,,,,20,42,40,150001430,150001430,150001430,33600,100,CASE_PICK_2,true
60102F3,601,,,,20,42,40,150001440,150001440,150001440,33600,100,CASE_PICK_2,true
60102F4,601,,,,20,42,40,150001450,150001450,150001450,33600,100,CASE_PICK_2,true
60102F5,601,,,,20,42,40,150001460,150001460,150001460,33600,100,CASE_PICK_2,true
60102F6,601,,,,20,42,40,150001470,150001470,150001470,33600,100,CASE_PICK_2,true
60102G1,601,,,,20,42,32,150001480,150001480,150001480,26880,100,CASE_PICK_2,true
60102G2,601,,,,20,42,32,150001490,150001490,150001490,26880,100,CASE_PICK_2,true
60102G3,601,,,,20,42,32,150001500,150001500,150001500,26880,100,CASE_PICK_2,true
60102G4,601,,,,20,42,32,150001510,150001510,150001510,26880,100,CASE_PICK_2,true
60102G5,601,,,,20,42,32,150001520,150001520,150001520,26880,100,CASE_PICK_2,true
60102G6,601,,,,20,42,32,150001530,150001530,150001530,26880,100,CASE_PICK_2,true
60103A1,601,,,,12,42,18,150002100,150002100,150002100,9072,100,CASE_PICK_2,true
60103A2,601,,,,12,42,18,150002110,150002110,150002110,9072,100,CASE_PICK_2,true
60103A3,601,,,,12,42,18,150002120,150002120,150002120,9072,100,CASE_PICK_2,true
T41401001,414,,,,48,42,96,290004890,290004890,290004890,193536,100,PALLET_PICK,true
T41401002,414,,,,48,42,96,290004900,290004900,290004900,193536,100,PALLET_PICK,true
T41401003,414,,,,48,42,96,290004910,290004910,290004910,193536,100,PALLET_PICK,true
T41402001,414,,,,48,42,96,290004920,290004920,290004920,193536,100,PALLET_PICK,true
T41402002,414,,,,48,42,96,290004930,290004930,290004930,193536,100,PALLET_PICK,true
T41402003,414,,,,48,42,96,290004940,290004940,290004940,193536,100,PALLET_PICK,true
T41403001,414,,,,48,42,96,290004950,290004950,290004950,193536,100,PALLET_PICK,true
T41403002,414,,,,48,42,96,290004960,290004960,290004960,193536,100,PALLET_PICK,true
T41403003,414,,,,48,42,96,290004970,290004970,290004970,193536,100,PALLET_PICK,true
T41404001,414,,,,48,42,96,290004980,290004980,290004980,193536,100,PALLET_PICK,true
T41404002,414,,,,48,42,96,290004990,290004990,290004990,193536,100,PALLET_PICK,true
T41404003,414,,,,48,42,96,290005000,290005000,290005000,193536,100,PALLET_PICK,true
T41405001,414,,,,48,42,96,290005010,290005010,290005010,193536,100,PALLET_PICK,true
T41405002,414,,,,48,42,96,290005020,290005020,290005020,193536,100,PALLET_PICK,true
T41405003,414,,,,48,42,96,290005030,290005030,290005030,193536,100,PALLET_PICK,true
T41406001,414,,,,48,42,96,290005040,290005040,290005040,193536,100,PALLET_PICK,true
T41406002,414,,,,48,42,96,290005050,290005050,290005050,193536,100,PALLET_PICK,true
T41406003,414,,,,48,42,96,290005060,290005060,290005060,193536,100,PALLET_PICK,true
T41407001,414,,,,48,42,96,290005070,290005070,290005070,193536,100,PALLET_PICK,true
T41407002,414,,,,48,42,96,290005080,290005080,290005080,193536,100,PALLET_PICK,true
T41407003,414,,,,48,42,96,290005090,290005090,290005090,193536,100,PALLET_PICK,true
T41408001,414,,,,48,42,96,290005100,290005100,290005100,193536,100,PALLET_PICK,true
T41408002,414,,,,48,42,96,290005110,290005110,290005110,193536,100,PALLET_PICK,true
T41408003,414,,,,48,42,96,290005120,290005120,290005120,193536,100,PALLET_PICK,true
T41409001,414,,,,48,42,96,290005130,290005130,290005130,193536,100,PALLET_PICK,true
T41409002,414,,,,48,42,96,290005140,290005140,290005140,193536,100,PALLET_PICK,true
T41409003,414,,,,48,42,96,290005150,290005150,290005150,193536,100,PALLET_PICK,true
T41410001,414,,,,48,42,96,290005160,290005160,290005160,193536,100,PALLET_PICK,true
T41410002,414,,,,48,42,96,290005170,290005170,290005170,193536,100,PALLET_PICK,true
T41410003,414,,,,48,42,96,290005180,290005180,290005180,193536,100,PALLET_PICK,true
T41411001,414,,,,48,42,96,290005190,290005190,290005190,193536,100,PALLET_PICK,true
T41411002,414,,,,48,42,96,290005200,290005200,290005200,193536,100,PALLET_PICK,true
T41411003,414,,,,48,42,96,290005210,290005210,290005210,193536,100,PALLET_PICK,true
T41412001,414,,,,48,42,96,290005220,290005220,290005220,193536,100,PALLET_PICK,true
T41412002,414,,,,48,42,96,290005230,290005230,290005230,193536,100,PALLET_PICK,true
T41412003,414,,,,48,42,96,290005240,290005240,290005240,193536,100,PALLET_PICK,true
T41413001,414,,,,48,42,96,290005250,290005250,290005250,193536,100,PALLET_PICK,true
T41413002,414,,,,48,42,96,290005260,290005260,290005260,193536,100,PALLET_PICK,true
T41413003,414,,,,48,42,96,290005270,290005270,290005270,193536,100,PALLET_PICK,true
T41414001,414,,,,48,42,96,290005280,290005280,290005280,193536,100,PALLET_PICK,true
T41414002,414,,,,48,42,96,290005290,290005290,290005290,193536,100,PALLET_PICK,true
T41414003,414,,,,48,42,96,290005300,290005300,290005300,193536,100,PALLET_PICK,true
T41415001,414,,,,48,42,96,290005310,290005310,290005310,193536,100,PALLET_PICK,true
T41415002,414,,,,48,42,96,290005320,290005320,290005320,193536,100,PALLET_PICK,true
T41415003,414,,,,48,42,96,290005330,290005330,290005330,193536,100,PALLET_PICK,true
T41416001,414,,,,48,42,96,290005340,290005340,290005340,193536,100,PALLET_PICK,true
T41416002,414,,,,48,42,96,290005350,290005350,290005350,193536,100,PALLET_PICK,true
T41416003,414,,,,48,42,96,290005360,290005360,290005360,193536,100,PALLET_PICK,true
T41417001,414,,,,48,42,96,290005370,290005370,290005370,193536,100,PALLET_PICK,true
T41417002,414,,,,48,42,96,290005380,290005380,290005380,193536,100,PALLET_PICK,true
T41417003,414,,,,48,42,96,290005390,290005390,290005390,193536,100,PALLET_PICK,true
T41418001,414,,,,48,42,96,290005400,290005400,290005400,193536,100,PALLET_PICK,true
T41418002,414,,,,48,42,96,290005410,290005410,290005410,193536,100,PALLET_PICK,true
T41418003,414,,,,48,42,96,290005420,290005420,290005420,193536,100,PALLET_PICK,true
T41419001,414,,,,48,42,96,290005430,290005430,290005430,193536,100,PALLET_PICK,true
T41419002,414,,,,48,42,96,290005440,290005440,290005440,193536,100,PALLET_PICK,true
T41419003,414,,,,48,42,96,290005450,290005450,290005450,193536,100,PALLET_PICK,true
T41420001,414,,,,48,42,96,290005460,290005460,290005460,193536,100,PALLET_PICK,true
T41420002,414,,,,48,42,96,290005470,290005470,290005470,193536,100,PALLET_PICK,true
T41420003,414,,,,48,42,96,290005480,290005480,290005480,193536,100,PALLET_PICK,true
T41421001,414,,,,48,42,96,290005490,290005490,290005490,193536,100,PALLET_PICK,true
T41421002,414,,,,48,42,96,290005500,290005500,290005500,193536,100,PALLET_PICK,true
T41421003,414,,,,48,42,96,290005510,290005510,290005510,193536,100,PALLET_PICK,true
T41422001,414,,,,48,42,96,290005520,290005520,290005520,193536,100,PALLET_PICK,true
T41422002,414,,,,48,42,96,290005530,290005530,290005530,193536,100,PALLET_PICK,true
T41422003,414,,,,48,42,96,290005540,290005540,290005540,193536,100,PALLET_PICK,true
T41501001,415,,,,48,42,96,290005550,290005550,290005550,193536,100,PALLET_PICK,true
T41501002,415,,,,48,42,96,290005560,290005560,290005560,193536,100,PALLET_PICK,true
T41501003,414,,,,48,42,96,290005570,290005570,290005570,193536,100,PALLET_PICK,true
T41502001,415,,,,48,42,96,290005580,290005580,290005580,193536,100,PALLET_PICK,true
T41502002,415,,,,48,42,96,290005590,290005590,290005590,193536,100,PALLET_PICK,true
T41502003,414,,,,48,42,96,290005600,290005600,290005600,193536,100,PALLET_PICK,true
T41503001,415,,,,48,42,96,290005610,290005610,290005610,193536,100,PALLET_PICK,true
T41503002,415,,,,48,42,96,290005620,290005620,290005620,193536,100,PALLET_PICK,true
T41503003,414,,,,48,42,96,290005630,290005630,290005630,193536,100,PALLET_PICK,true
T41504001,415,,,,48,42,96,290005640,290005640,290005640,193536,100,PALLET_PICK,true
T41504002,415,,,,48,42,96,290005650,290005650,290005650,193536,100,PALLET_PICK,true
T41504003,414,,,,48,42,96,290005660,290005660,290005660,193536,100,PALLET_PICK,true
T41505001,415,,,,48,42,96,290005670,290005670,290005670,193536,100,PALLET_PICK,true
T41505002,415,,,,48,42,96,290005680,290005680,290005680,193536,100,PALLET_PICK,true
T41505003,414,,,,48,42,96,290005690,290005690,290005690,193536,100,PALLET_PICK,true
T41506001,415,,,,48,42,96,290005700,290005700,290005700,193536,100,PALLET_PICK,true
T41506002,415,,,,48,42,96,290005710,290005710,290005710,193536,100,PALLET_PICK,true
T41506003,414,,,,48,42,96,290005720,290005720,290005720,193536,100,PALLET_PICK,true
T41507001,415,,,,48,42,96,290005730,290005730,290005730,193536,100,PALLET_PICK,true
T41507002,415,,,,48,42,96,290005740,290005740,290005740,193536,100,PALLET_PICK,true
T41507003,414,,,,48,42,96,290005750,290005750,290005750,193536,100,PALLET_PICK,true
T41508001,415,,,,48,42,96,290005760,290005760,290005760,193536,100,PALLET_PICK,true
T41508002,415,,,,48,42,96,290005770,290005770,290005770,193536,100,PALLET_PICK,true
T41508003,414,,,,48,42,96,290005780,290005780,290005780,193536,100,PALLET_PICK,true
T41509001,415,,,,48,42,96,290005790,290005790,290005790,193536,100,PALLET_PICK,true
T41509002,415,,,,48,42,96,290005800,290005800,290005800,193536,100,PALLET_PICK,true
T41509003,414,,,,48,42,96,290005810,290005810,290005810,193536,100,PALLET_PICK,true
T41510001,415,,,,48,42,96,290005820,290005820,290005820,193536,100,PALLET_PICK,true
T41510002,415,,,,48,42,96,290005830,290005830,290005830,193536,100,PALLET_PICK,true
T41510003,414,,,,48,42,96,290005840,290005840,290005840,193536,100,PALLET_PICK,true
T41511001,415,,,,48,42,96,290005850,290005850,290005850,193536,100,PALLET_PICK,true
T41511002,415,,,,48,42,96,290005860,290005860,290005860,193536,100,PALLET_PICK,true
T41511003,414,,,,48,42,96,290005870,290005870,290005870,193536,100,PALLET_PICK,true
RECV01STG01,426,,,,960,960,104,200000080,200000080,200000080,95846400,100,RECV_STG,true
RECV01STG02,426,,,,960,960,104,200000090,200000090,200000090,95846400,100,RECV_STG,true
RECV01STG03,426,,,,960,960,104,200000100,200000100,200000100,95846400,100,RECV_STG,true
RECV01STG04,426,,,,960,960,104,200000110,200000110,200000110,95846400,100,RECV_STG,true
RECV01STG05,427,,,,960,960,104,200000120,200000120,200000120,95846400,100,RECV_STG,true
RECV01STG06,427,,,,960,960,104,200000130,200000130,200000130,95846400,100,RECV_STG,true
RECV01STG07,427,,,,960,960,104,200000140,200000140,200000140,95846400,100,RECV_STG,true
RECV01STG08,427,,,,960,960,104,200000150,200000150,200000150,95846400,100,RECV_STG,true
RECV01STG09,428,,,,960,960,104,200000160,200000160,200000160,95846400,100,RECV_STG,true
RECV01STG10,428,,,,960,960,104,200000170,200000170,200000170,95846400,100,RECV_STG,true
RECV01STG11,428,,,,960,960,104,200000180,200000180,200000180,95846400,100,RECV_STG,true
RECV01STG12,428,,,,960,960,104,200000190,200000190,200000190,95846400,100,RECV_STG,true
RECV01STG13,429,,,,960,960,104,200000200,200000200,200000200,95846400,100,RECV_STG,true
RECV01STG14,429,,,,960,960,104,200000210,200000210,200000210,95846400,100,RECV_STG,true
RECV01STG15,429,,,,960,960,104,200000220,200000220,200000220,95846400,100,RECV_STG,true
RECV01STG16,429,,,,960,960,104,200000230,200000230,200000230,95846400,100,RECV_STG,true
RECV01STG17,430,,,,960,960,104,200000240,200000240,200000240,95846400,100,RECV_STG,true
RECV01STG18,430,,,,960,960,104,200000250,200000250,200000250,95846400,100,RECV_STG,true
RECV01STG19,430,,,,960,960,104,200000260,200000260,200000260,95846400,100,RECV_STG,true
RECV01STG20,430,,,,960,960,104,200000270,200000270,200000270,95846400,100,RECV_STG,true
RECV01STG21,431,,,,960,960,104,200000280,200000280,200000280,95846400,100,RECV_STG,true
RECV01STG22,431,,,,960,960,104,200000290,200000290,200000290,95846400,100,RECV_STG,true
RECV01STG23,431,,,,960,960,104,200000300,200000300,200000300,95846400,100,RECV_STG,true
RECV01STG24,431,,,,960,960,104,200000310,200000310,200000310,95846400,100,RECV_STG,true
RECV01STG25,432,,,,960,960,104,200000320,200000320,200000320,95846400,100,RECV_STG,true
RECV01STG26,432,,,,960,960,104,200000330,200000330,200000330,95846400,100,RECV_STG,true
RECV01STG27,432,,,,960,960,104,200000340,200000340,200000340,95846400,100,RECV_STG,true
RECV01STG28,432,,,,960,960,104,200000350,200000350,200000350,95846400,100,RECV_STG,true
RECV01STG29,433,,,,960,960,104,200000360,200000360,200000360,95846400,100,RECV_STG,true
RECV01STG30,433,,,,960,960,104,200000370,200000370,200000370,95846400,100,RECV_STG,true
RECV01STG31,433,,,,960,960,104,200000380,200000380,200000380,95846400,100,RECV_STG,true
RECV01STG32,433,,,,960,960,104,200000390,200000390,200000390,95846400,100,RECV_STG,true
RECV01STG33,434,,,,960,960,104,200000400,200000400,200000400,95846400,100,RECV_STG,true
RECV01STG34,434,,,,960,960,104,200000410,200000410,200000410,95846400,100,RECV_STG,true
RECV01STG35,434,,,,960,960,104,200000420,200000420,200000420,95846400,100,RECV_STG,true
RECV01STG36,434,,,,960,960,104,200000430,200000430,200000430,95846400,100,RECV_STG,true
DOCK02A,444,,,,2256,108,110,930000030,930000030,930000030,9999,100,RECV_DCK,true
DOCK02B,444,,,,2256,108,110,930000040,930000040,930000040,9999,100,RECV_DCK,true
DOCK02C,444,,,,2256,108,110,930000050,930000050,930000050,9999,100,RECV_DCK,true
DOCK02D,444,,,,2256,108,110,930000060,930000060,930000060,9999,100,RECV_DCK,true
DOCK02E,444,,,,2256,108,110,930000070,930000070,930000070,9999,100,RECV_DCK,true
DOCK02F,444,,,,2256,108,110,930000080,930000080,930000080,9999,100,RECV_DCK,true
DOCK02G,444,,,,2256,108,110,930000090,930000090,930000090,9999,100,RECV_DCK,true
DOCK02H,444,,,,2256,108,110,930000100,930000100,930000100,9999,100,RECV_DCK,true
DOCK02J,444,,,,2256,108,110,930000120,930000120,930000120,9999,100,RECV_DCK,true
DOCK02K,444,,,,2256,108,110,930000130,930000130,930000130,9999,100,RECV_DCK,true
DOCK02L,444,,,,2256,108,110,930000140,930000140,930000140,9999,100,RECV_DCK,true
DOCK02M,444,,,,2256,108,110,930000150,930000150,930000150,9999,100,RECV_DCK,true
DOCK02N,444,,,,2256,108,110,930000160,930000160,930000160,9999,100,RECV_DCK,true
DOCK02O,444,,,,2256,108,110,930000170,930000170,930000170,9999,100,RECV_DCK,true
DOCK03A,444,,,,2256,108,110,930000180,930000180,930000180,9999,100,RECV_DCK,true
DOCK03B,444,,,,2256,108,110,930000190,930000190,930000190,9999,100,RECV_DCK,true
DOCK03C,444,,,,2256,108,110,930000200,930000200,930000200,9999,100,RECV_DCK,true
DOCK03D,444,,,,2256,108,110,930000210,930000210,930000210,9999,100,RECV_DCK,true
DOCK03E,444,,,,2256,108,110,930000220,930000220,930000220,9999,100,RECV_DCK,true
DOCK03F,444,,,,2256,108,110,930000230,930000230,930000230,9999,100,RECV_DCK,true
DOCK03G,444,,,,2256,108,110,930000240,930000240,930000240,9999,100,RECV_DCK,true
DOCK03H,444,,,,2256,108,110,930000250,930000250,930000250,9999,100,RECV_DCK,true
DOCK03I,444,,,,2256,108,110,930000260,930000260,930000260,9999,100,RECV_DCK,true
DOCK03J,444,,,,2256,108,110,930000270,930000270,930000270,9999,100,RECV_DCK,true
DOCK03K,444,,,,2256,108,110,930000280,930000280,930000280,9999,100,RECV_DCK,true
DOCK03L,444,,,,2256,108,110,930000290,930000290,930000290,9999,100,RECV_DCK,true
DOCK03M,444,,,,2256,108,110,930000300,930000300,930000300,9999,100,RECV_DCK,true
DOCK03N,444,,,,2256,108,110,930000310,930000310,930000310,9999,100,RECV_DCK,true
DOCK03O,444,,,,2256,108,110,930000320,930000320,930000320,9999,100,RECV_DCK,true
DOCK04A,444,,,,2256,108,110,930000330,930000330,930000330,9999,100,SHIP_DCK,true
DOCK04B,444,,,,2256,108,110,930000340,930000340,930000340,9999,100,SHIP_DCK,true
DOCK04C,444,,,,2256,108,110,930000350,930000350,930000350,9999,100,SHIP_DCK,true
DOCK04D,444,,,,2256,108,110,930000360,930000360,930000360,9999,100,SHIP_DCK,true
DOCK04E,444,,,,2256,108,110,930000370,930000370,930000370,9999,100,SHIP_DCK,true
DOCK04F,444,,,,2256,108,110,930000380,930000380,930000380,9999,100,SHIP_DCK,true
DOCK04G,444,,,,2256,108,110,930000390,930000390,930000390,9999,100,SHIP_DCK,true
DOCK04H,444,,,,2256,108,110,930000400,930000400,930000400,9999,100,SHIP_DCK,true
DOCK04I,444,,,,2256,108,110,930000410,930000410,930000410,9999,100,SHIP_DCK,true
DOCK04J,444,,,,2256,108,110,930000420,930000420,930000420,9999,100,SHIP_DCK,true
DOCK04K,444,,,,2256,108,110,930000430,930000430,930000430,9999,100,SHIP_DCK,true
DOCK04L,444,,,,2256,108,110,930000440,930000440,930000440,9999,100,SHIP_DCK,true
DOCK04M,444,,,,2256,108,110,930000450,930000450,930000450,9999,100,SHIP_DCK,true
DOCK04N,444,,,,2256,108,110,930000460,930000460,930000460,9999,100,SHIP_DCK,true
DOCK04O,444,,,,2256,108,110,930000470,930000470,930000470,9999,100,SHIP_DCK,true
DOCK05A,444,,,,2256,108,110,930000480,930000480,930000480,9999,100,SHIP_DCK,true
DOCK05B,444,,,,2256,108,110,930000490,930000490,930000490,9999,100,SHIP_DCK,true
DOCK05C,444,,,,2256,108,110,930000500,930000500,930000500,9999,100,SHIP_DCK,true
DOCK05D,444,,,,2256,108,110,930000510,930000510,930000510,9999,100,SHIP_DCK,true
DOCK05E,444,,,,2256,108,110,930000520,930000520,930000520,9999,100,SHIP_DCK,true
DOCK05F,444,,,,2256,108,110,930000530,930000530,930000530,9999,100,SHIP_DCK,true
DOCK05G,444,,,,2256,108,110,930000540,930000540,930000540,9999,100,SHIP_DCK,true
DOCK05H,444,,,,2256,108,110,930000550,930000550,930000550,9999,100,SHIP_DCK,true
DOCK05I,444,,,,2256,108,110,930000560,930000560,930000560,9999,100,SHIP_DCK,true
DOCK05J,444,,,,2256,108,110,930000570,930000570,930000570,9999,100,SHIP_DCK,true
DOCK05K,444,,,,2256,108,110,930000580,930000580,930000580,9999,100,SHIP_DCK,true
DOCK05L,444,,,,2256,108,110,930000590,930000590,930000590,9999,100,SHIP_DCK,true
DOCK05M,444,,,,2256,108,110,930000600,930000600,930000600,9999,100,SHIP_DCK,true
DOCK05N,444,,,,2256,108,110,930000610,930000610,930000610,9999,100,SHIP_DCK,true
DOCK05O,444,,,,2256,108,110,930000620,930000620,930000620,9999,100,SHIP_DCK,true
WCCONE01,404,,,,48,42,84,950002105,950002105,950002105,169344,100,SHIP_STG,true
WCCONE02,404,,,,48,42,84,950002110,950002110,950002110,169344,100,SHIP_STG,true
WCCONE03,404,,,,48,42,84,950002115,950002115,950002115,169344,100,SHIP_STG,true
WCCONE04,404,,,,48,42,84,950002120,950002120,950002120,169344,100,SHIP_STG,true
WCCONE05,404,,,,48,42,84,950002125,950002125,950002125,169344,100,SHIP_STG,true
WCCONE06,404,,,,48,42,84,950002130,950002130,950002130,169344,100,SHIP_STG,true
WCCONE07,404,,,,48,42,84,950002135,950002135,950002135,169344,100,SHIP_STG,true
WCCONE08,404,,,,48,42,84,950002140,950002140,950002140,169344,100,SHIP_STG,true
WCCONE09,404,,,,48,42,84,950002145,950002145,950002145,169344,100,SHIP_STG,true
WCCONE10,404,,,,48,42,84,950002150,950002150,950002150,169344,100,SHIP_STG,true
WCCONE11,404,,,,48,42,84,950002155,950002155,950002155,169344,100,SHIP_STG,true
WCCONE12,404,,,,48,42,84,950002160,950002160,950002160,169344,100,SHIP_STG,true
WCCONE13,404,,,,48,42,84,950002165,950002165,950002165,169344,100,SHIP_STG,true
WCCONE14,404,,,,48,42,84,950002170,950002170,950002170,169344,100,SHIP_STG,true
WCCONE15,404,,,,48,42,84,950002175,950002175,950002175,169344,100,SHIP_STG,true
WCCONE16,404,,,,48,42,84,950002180,950002180,950002180,169344,100,SHIP_STG,true
WCCONE17,404,,,,48,42,84,950002185,950002185,950002185,169344,100,SHIP_STG,true
WCCONE18,404,,,,48,42,84,950002190,950002190,950002190,169344,100,SHIP_STG,true
WCCONE19,404,,,,48,42,84,950002195,950002195,950002195,169344,100,SHIP_STG,true
WCCONE20,404,,,,48,42,84,950002200,950002200,950002200,169344,100,SHIP_STG,true
WCCONE21,404,,,,48,42,84,950002205,950002205,950002205,169344,100,SHIP_STG,true
WCCONE22,404,,,,48,42,84,950002210,950002210,950002210,169344,100,SHIP_STG,true
WCCONE23,404,,,,48,42,84,950002215,950002215,950002215,169344,100,SHIP_STG,true
WCCONE24,404,,,,48,42,84,950002220,950002220,950002220,169344,100,SHIP_STG,true
WCCONE25,404,,,,48,42,84,950002225,950002225,950002225,169344,100,SHIP_STG,true
WCCONE26,404,,,,48,42,84,950002230,950002230,950002230,169344,100,SHIP_STG,true
WCCONE27,404,,,,48,42,84,950002235,950002235,950002235,169344,100,SHIP_STG,true
WCCONE28,404,,,,48,42,84,950002240,950002240,950002240,169344,100,SHIP_STG,true
WCCONE29,404,,,,48,42,84,950002245,950002245,950002245,169344,100,SHIP_STG,true
WCCONE30,404,,,,48,42,84,950002250,950002250,950002250,169344,100,SHIP_STG,true
WCCONE31,404,,,,48,42,84,950002255,950002255,950002255,169344,100,SHIP_STG,true
WCCONE32,404,,,,48,42,84,950002260,950002260,950002260,169344,100,SHIP_STG,true
WCCONE33,404,,,,48,42,84,950002265,950002265,950002265,169344,100,SHIP_STG,true
WCCONE34,404,,,,48,42,84,950002270,950002270,950002270,169344,100,SHIP_STG,true
WCCONE35,404,,,,48,42,84,950002275,950002275,950002275,169344,100,SHIP_STG,true
WCCONE36,404,,,,48,42,84,950002280,950002280,950002280,169344,100,SHIP_STG,true
WCCONE37,404,,,,48,42,84,950002285,950002285,950002285,169344,100,SHIP_STG,true
WCCONE38,404,,,,48,42,84,950002290,950002290,950002290,169344,100,SHIP_STG,true
WCCONE39,404,,,,48,42,84,950002295,950002295,950002295,169344,100,SHIP_STG,true
WCCONE40,404,,,,48,42,84,950002300,950002300,950002300,169344,100,SHIP_STG,true
WCCONE41,404,,,,48,42,84,950002305,950002305,950002305,169344,100,SHIP_STG,true
WCCONE42,404,,,,48,42,84,950002310,950002310,950002310,169344,100,SHIP_STG,true
WCCONE43,404,,,,48,42,84,950002315,950002315,950002315,169344,100,SHIP_STG,true
WCCONE44,404,,,,48,42,84,950002320,950002320,950002320,169344,100,SHIP_STG,true
WCCONE45,404,,,,48,42,84,950002325,950002325,950002325,169344,100,SHIP_STG,true
WCCONE46,404,,,,48,42,84,950002330,950002330,950002330,169344,100,SHIP_STG,true
WCCONE47,404,,,,48,42,84,950002335,950002335,950002335,169344,100,SHIP_STG,true
WCCONE48,404,,,,48,42,84,950002340,950002340,950002340,169344,100,SHIP_STG,true
WCCONE49,404,,,,48,42,84,950002345,950002345,950002345,169344,100,SHIP_STG,true
WCCONE50,404,,,,96,42,84,950002350,950002350,950002350,338688,100,SHIP_STG,true
WCCONE51,404,,,,96,42,84,950002355,950002355,950002355,338688,100,SHIP_STG,true
WCCONE52,404,,,,96,42,84,950002360,950002360,950002360,338688,100,SHIP_STG,true
WCCONE53,404,,,,96,42,84,950002365,950002365,950002365,338688,100,SHIP_STG,true
WCCONE54,404,,,,96,42,84,950002370,950002370,950002370,338688,100,SHIP_STG,true
WCCONE55,404,,,,96,42,84,950002375,950002375,950002375,338688,100,SHIP_STG,true
WCCONE56,404,,,,96,42,84,950002380,950002380,950002380,338688,100,SHIP_STG,true
WCCONE57,404,,,,96,42,84,950002385,950002385,950002385,338688,100,SHIP_STG,true
WCCONE58,404,,,,96,42,84,950002390,950002390,950002390,338688,100,SHIP_STG,true
WCCONE59,404,,,,96,42,84,950002395,950002395,950002395,338688,100,SHIP_STG,true
WCCONE60,404,,,,192,42,84,950002400,950002400,950002400,677376,100,SHIP_STG,true
WCCONE61,404,,,,192,42,84,950002405,950002405,950002405,677376,100,SHIP_STG,true
WCCONE62,404,,,,192,42,84,950002410,950002410,950002410,677376,100,SHIP_STG,true
WCCONE63,404,,,,192,42,84,950002415,950002415,950002415,677376,100,SHIP_STG,true
WCCONE64,404,,,,192,42,84,950002420,950002420,950002420,677376,100,SHIP_STG,true
WCCONE65,404,,,,192,42,84,950002425,950002425,950002425,677376,100,SHIP_STG,true
WCCONE66,404,,,,192,42,84,950002430,950002430,950002430,677376,100,SHIP_STG,true
WCCONE67,404,,,,192,42,84,950002435,950002435,950002435,677376,100,SHIP_STG,true
WCCONE68,404,,,,192,42,84,950002440,950002440,950002440,677376,100,SHIP_STG,true
WCCONE69,404,,,,192,42,84,950002445,950002445,950002445,677376,100,SHIP_STG,true
WCCONE70,404,,,,288,42,84,950002450,950002450,950002450,1016064,100,SHIP_STG,true
WCCONE71,404,,,,288,42,84,950002455,950002455,950002455,1016064,100,SHIP_STG,true
WCCONE72,404,,,,288,42,84,950002460,950002460,950002460,1016064,100,SHIP_STG,true
WCCONE73,404,,,,288,42,84,950002465,950002465,950002465,1016064,100,SHIP_STG,true
WCCONE74,404,,,,288,42,84,950002470,950002470,950002470,1016064,100,SHIP_STG,true
WCCONE75,404,,,,288,42,84,950002475,950002475,950002475,1016064,100,SHIP_STG,true
WCOFFICE001,404,,,,0.25,0.25,0.25,950000010,950000010,950000010,0.02,100,SHIP_STG,true
WCOFFICE002,404,,,,0.25,0.25,0.25,950000015,950000015,950000015,0.02,100,SHIP_STG,true
WCOFFICE003,404,,,,0.25,0.25,0.25,950000020,950000020,950000020,0.02,100,SHIP_STG,true
WCOFFICE004,404,,,,0.25,0.25,0.25,950000025,950000025,950000025,0.02,100,SHIP_STG,true
WCOFFICE005,404,,,,0.25,0.25,0.25,950000030,950000030,950000030,0.02,100,SHIP_STG,true
WCOFFICE006,404,,,,0.25,0.25,0.25,950000035,950000035,950000035,0.02,100,SHIP_STG,true
WCOFFICE007,404,,,,0.25,0.25,0.25,950000040,950000040,950000040,0.02,100,SHIP_STG,true
WCOFFICE008,404,,,,0.25,0.25,0.25,950000045,950000045,950000045,0.02,100,SHIP_STG,true
WCOFFICE009,404,,,,0.25,0.25,0.25,950000050,950000050,950000050,0.02,100,SHIP_STG,true
WCOFFICE010,404,,,,0.25,0.25,0.25,950000055,950000055,950000055,0.02,100,SHIP_STG,true
WCOFFICE011,404,,,,0.25,0.25,0.25,950000060,950000060,950000060,0.02,100,SHIP_STG,true
WCOFFICE012,404,,,,0.25,0.25,0.25,950000065,950000065,950000065,0.02,100,SHIP_STG,true
WCOFFICE013,404,,,,0.25,0.25,0.25,950000070,950000070,950000070,0.02,100,SHIP_STG,true
WCOFFICE014,404,,,,0.25,0.25,0.25,950000075,950000075,950000075,0.02,100,SHIP_STG,true
WCOFFICE015,404,,,,0.25,0.25,0.25,950000080,950000080,950000080,0.02,100,SHIP_STG,true
WCOFFICE016,404,,,,0.25,0.25,0.25,950000085,950000085,950000085,0.02,100,SHIP_STG,true
WCOFFICE017,404,,,,0.25,0.25,0.25,950000090,950000090,950000090,0.02,100,SHIP_STG,true
WCOFFICE018,404,,,,0.25,0.25,0.25,950000095,950000095,950000095,0.02,100,SHIP_STG,true
WCOFFICE019,404,,,,0.25,0.25,0.25,950000100,950000100,950000100,0.02,100,SHIP_STG,true
WCOFFICE020,404,,,,0.25,0.25,0.25,950000105,950000105,950000105,0.02,100,SHIP_STG,true
WCOFFICE021,404,,,,0.25,0.25,0.25,950000110,950000110,950000110,0.02,100,SHIP_STG,true
WCOFFICE022,404,,,,0.25,0.25,0.25,950000115,950000115,950000115,0.02,100,SHIP_STG,true
WCOFFICE023,404,,,,0.25,0.25,0.25,950000120,950000120,950000120,0.02,100,SHIP_STG,true
WCOFFICE024,404,,,,0.25,0.25,0.25,950000125,950000125,950000125,0.02,100,SHIP_STG,true
RF01,,,,,,,,,,,0,100,RF,true
RF02,,,,,,,,,,,0,100,RF,true
RF03,,,,,,,,,,,0,100,RF,true
RF04,,,,,,,,,,,0,100,RF,true
RF05,,,,,,,,,,,0,100,RF,true
RF06,,,,,,,,,,,0,100,RF,true
RF07,,,,,,,,,,,0,100,RF,true
RF08,,,,,,,,,,,0,100,RF,true
RF09,,,,,,,,,,,0,100,RF,true
RF10,,,,,,,,,,,0,100,RF,true
RF100,,,,,,,,,,,0,100,RF,true
RF101,,,,,,,,,,,0,100,RF,true
RF102,,,,,,,,,,,0,100,RF,true
RF103,,,,,,,,,,,0,100,RF,true
RF104,,,,,,,,,,,0,100,RF,true
RF105,,,,,,,,,,,0,100,RF,true
RF106,,,,,,,,,,,0,100,RF,true
RF107,,,,,,,,,,,0,100,RF,true
RF108,,,,,,,,,,,0,100,RF,true
RF109,,,,,,,,,,,0,100,RF,true
RF11,,,,,,,,,,,0,100,RF,true
RF110,,,,,,,,,,,0,100,RF,true
RF12,,,,,,,,,,,0,100,RF,true
RF13,,,,,,,,,,,0,100,RF,true
RF14,,,,,,,,,,,0,100,RF,true
RF15,,,,,,,,,,,0,100,RF,true
RF16,,,,,,,,,,,0,100,RF,true
RF17,,,,,,,,,,,0,100,RF,true
RF18,,,,,,,,,,,0,100,RF,true
RF19,,,,,,,,,,,0,100,RF,true
RF20,,,,,,,,,,,0,100,RF,true
RF21,,,,,,,,,,,0,100,RF,true
RF22,,,,,,,,,,,0,100,RF,true
RF23,,,,,,,,,,,0,100,RF,true
RF24,,,,,,,,,,,0,100,RF,true
RF25,,,,,,,,,,,0,100,RF,true
RF26,,,,,,,,,,,0,100,RF,true
RF27,,,,,,,,,,,0,100,RF,true
RF28,,,,,,,,,,,0,100,RF,true
RF29,,,,,,,,,,,0,100,RF,true
RF30,,,,,,,,,,,0,100,RF,true
RF31,,,,,,,,,,,0,100,RF,true
RF32,,,,,,,,,,,0,100,RF,true
RF33,,,,,,,,,,,0,100,RF,true
RF34,,,,,,,,,,,0,100,RF,true
RF35,,,,,,,,,,,0,100,RF,true
RF36,,,,,,,,,,,0,100,RF,true
RF37,,,,,,,,,,,0,100,RF,true
RF38,,,,,,,,,,,0,100,RF,true
RF39,,,,,,,,,,,0,100,RF,true
RF40,,,,,,,,,,,0,100,RF,true
RF41,,,,,,,,,,,0,100,RF,true
RF42,,,,,,,,,,,0,100,RF,true
RF43,,,,,,,,,,,0,100,RF,true
RF44,,,,,,,,,,,0,100,RF,true
RF45,,,,,,,,,,,0,100,RF,true
RF46,,,,,,,,,,,0,100,RF,true
RF47,,,,,,,,,,,0,100,RF,true
RF48,,,,,,,,,,,0,100,RF,true
RF49,,,,,,,,,,,0,100,RF,true
RF50,,,,,,,,,,,0,100,RF,true
RF51,,,,,,,,,,,0,100,RF,true
RF52,,,,,,,,,,,0,100,RF,true
RF53,,,,,,,,,,,0,100,RF,true
RF54,,,,,,,,,,,0,100,RF,true
RF55,,,,,,,,,,,0,100,RF,true
RF56,,,,,,,,,,,0,100,RF,true
PM104,104,,,,96,84,104,900000030,900000030,900000030,9999,100,P&D,true
PM106,106,,,,96,84,104,900000040,900000040,900000040,838656,100,P&D,true
PM108,108,,,,96,84,104,900000050,900000050,900000050,838656,100,P&D,true
PM110,110,,,,96,84,104,900000060,900000060,900000060,838656,100,P&D,true
PM112,112,,,,96,84,104,900000070,900000070,900000070,838656,100,P&D,true
PM114,114,,,,96,84,104,900000080,900000080,900000080,838656,100,P&D,true
PM116,116,,,,96,84,104,900000090,900000090,900000090,838656,100,P&D,true
PM118,118,,,,96,84,104,900000100,900000100,900000100,838656,100,P&D,true
PM120,120,,,,96,84,104,900000110,900000110,900000110,838656,100,P&D,true
PM122,122,,,,96,84,104,900000120,900000120,900000120,838656,100,P&D,true
PM124,124,,,,96,84,104,900000130,900000130,900000130,838656,100,P&D,true
PM126,126,,,,96,84,104,900000140,900000140,900000140,838656,100,P&D,true
PM136,136,,,,96,84,104,900000150,900000150,900000150,838656,100,P&D,true
PM138,138,,,,96,84,104,900000160,900000160,900000160,838656,100,P&D,true
PM142,142,,,,96,84,104,900000170,900000170,900000170,838656,100,P&D,true
PM144,144R,,,,96,84,104,900000180,900000180,900000180,838656,100,P&D,true
PM1PD1,101,,,,96,84,104,900000190,900000190,900000190,838656,100,P&D,true
PM1PD2,135,,,,96,84,104,900000200,900000200,900000200,838656,100,P&D,true
PM1PD3,134,,,,96,84,104,900000210,900000210,900000210,838656,100,P&D,true
PM1PD4,102,,,,96,84,104,900000220,900000220,900000220,838656,100,P&D,true